{
    "streams": [
        {
            "index": 0,
            "codec_name": "h264",
            "codec_long_name": "H.264 / AVC / MPEG-4 AVC / MPEG-4 part 10",
            "profile": "High",
            "codec_type": "video",
            "codec_tag_string": "avc1",
            "codec_tag": "0x31637661",
            "width": 720,
            "height": 300,
            "coded_width": 720,
            "coded_height": 300,
            "closed_captions": 0,
            "has_b_frames": 2,
            "sample_aspect_ratio": "1:1",
            "display_aspect_ratio": "12:5",
            "pix_fmt": "yuv420p",
            "level": 30,
            "chroma_location": "left",
            "refs": 1,
            "is_avc": "true",
            "nal_length_size": "4",
            "r_frame_rate": "25/1",
            "avg_frame_rate": "25/1",
            "time_base": "1/12800",
            "start_pts": 0,
            "start_time": "0.000000",
            "duration_ts": 43520,
            "duration": "3.400000",
            "bit_rate": "533896",
            "bits_per_raw_sample": "8",
            "nb_frames": "85",
            "disposition": {
                "default": 1,
                "dub": 0,
                "original": 0,
                "comment": 0,
                "lyrics": 0,
                "karaoke": 0,
                "forced": 0,
                "hearing_impaired": 0,
                "visual_impaired": 0,
                "clean_effects": 0,
                "attached_pic": 0,
                "timed_thumbnails": 0
            },
            "tags": {
                "language": "eng",
                "handler_name": "VideoHandler",
                "vendor_id": "[0][0][0][0]"
            }
        },
        {
            "index": 1,
            "codec_name": "aac",
            "codec_long_name": "AAC (Advanced Audio Coding)",
            "profile": "LC",
            "codec_type": "audio",
            "codec_tag_string": "mp4a",
            "codec_tag": "0x6134706d",
            "sample_fmt": "fltp",
            "sample_rate": "48000",
            "channels": 2,
            "channel_layout": "stereo",
            "bits_per_sample": 0,
            "r_frame_rate": "0/0",
            "avg_frame_rate": "0/0",
            "time_base": "1/48000",
            "start_pts": 0,
            "start_time": "0.000000",
            "duration_ts": 163200,
            "duration": "3.400000",
            "bit_rate": "127557",
            "nb_frames": "161",
            "disposition": {
                "default": 1,
                "dub": 0,
                "original": 0,
                "comment": 0,
                "lyrics": 0,
                "karaoke": 0,
                "forced": 0,
                "hearing_impaired": 0,
                "visual_impaired": 0,
                "clean_effects": 0,
                "attached_pic": 0,
                "timed_thumbnails": 0
            },
            "tags": {
                "language": "eng",
                "handler_name": "SoundHandler",
                "vendor_id": "[0][0][0][0]"
            }
        }
    ],
    "format": {
        "filename": "/home/user/PycharmProjects/pythonProject2/files/shot_videos/fcdVkPvfrTzc1ZZF7A46Ew.mp4",
        "nb_streams": 2,
        "nb_programs": 0,
        "format_name": "mov,mp4,m4a,3gp,3g2,mj2",
        "format_long_name": "QuickTime / MOV",
        "start_time": "0.000000",
        "duration": "3.422000",
        "size": "285391",
        "bit_rate": "667191",
        "probe_score": 100,
        "tags": {
            "major_brand": "isom",
            "minor_version": "512",
            "compatible_brands": "isomiso2avc1mp41",
            "encoder": "Lavf58.20.100"
        }
    }
}
